분류,매체,작성자,평점,리뷰요약,URL
평론가,씨네21,정재현,8,'비키지 않는 무릎'으로 자유에 협력하고 대항하다.,https://cine21.com/movie/info/?movie_id=63333
평론가,씨네21,조현나,8,진실과 애정으로도 포용할 수 없는 것에 관하여.,https://cine21.com/movie/info/?movie_id=63333
평론가,씨네21,이자연,8,"이토록 모순적인 삶, 그렇기에 가치 있는 생(生).",https://cine21.com/movie/info/?movie_id=63333
평론가,씨네21,이우빈,8,이 세상을 사랑하기란 정말 불가능한 것일지.,https://cine21.com/movie/info/?movie_id=63333
평론가,씨네21,송경원,9,깊어진 근심. 넓어진 시선. 견디며 다시 헤아리는 시간.,https://cine21.com/movie/info/?movie_id=63333
평론가,씨네21,김성훈,9,물과 기름으로 나뉜 세상에서 이해하고 사랑한다는 것은.,https://cine21.com/movie/info/?movie_id=63333
평론가,씨네21,박평식,8,스패너와 망원경을 든 감독의 쓰디쓴 낙관론.,https://cine21.com/movie/info/?movie_id=63333
평론가,씨네21,최선,7,정면도 이면도 아닌 겉면을 그저 달을 바라보듯.,https://cine21.com/movie/info/?movie_id=63333
평론가,로튼토마토,Peter Howell (Toronto Star),Fresh,"A coldly funny, increasingly caustic drama of class anxiety and unlikely friendship.",https://www.rottentomatoes.com/m/possible_love
평론가,로튼토마토,Ty Burr (Ty Burr's Watch List),3.5/4,"Chief laurels go to Jeon Do-yeon as the working-class wife, who grows before our eyes from an insecure chatterbox to a woman of immense strength and dignity.",https://www.rottentomatoes.com/m/possible_love
평론가,로튼토마토,Brian Tallerico (RogerEbert.com),4/4,"[It] exists in this space of potential upheaval, devastatingly turning relatable human emotion into possible tragedy.",https://www.rottentomatoes.com/m/possible_love
평론가,로튼토마토,Ezra Cubero (Geek Vibes Nation),9/10,"With Possible Love, Lee Chang-dong taps into a rare kind of masterful, empathetic filmmaking.",https://www.rottentomatoes.com/m/possible_love
평론가,로튼토마토,Lyra Hale (Fangirlish),B,"Possible Love is an unsettling exploration of human exploitation, mental health, and the lies that we tell ourselves.",https://www.rottentomatoes.com/m/possible_love
평론가,로튼토마토,Dustin Chang (ScreenAnarchy),Fresh,"With 'Thou Shalt Not Covet,' in the context of exploitation of labor in capitalist society, Lee leaves us with a lot to ponder.",https://www.rottentomatoes.com/m/possible_love
평론가,메타크리틱,Brian Tallerico (RogerEbert.com),100,Possible Love is as dense as our best literature... It leaves these people not with a period but an ellipsis. You won't forget it.,https://www.metacritic.com/movie/possible-love/
평론가,메타크리틱,Jessica Kiang (Variety),100,"두 결혼을 사회적 분단의 양쪽에서 따라가며, 놀라움과 필연성을 완벽한 균형으로 펼친다.",https://www.metacritic.com/movie/possible-love/
평론가,메타크리틱,David Ehrlich (IndieWire),100,Every moment crackles like a wicked symphony of striated socioeconomic abrasion.,https://www.metacritic.com/movie/possible-love/
평론가,메타크리틱,Rory O'Connor (The Film Stage),91,"전작보다 우화적이기보다 교훈적이지만, 모든 것이 맞아떨어질 때 못지않게 매혹적이고 매혹적이다.",https://www.metacritic.com/movie/possible-love/
평론가,메타크리틱,Steve Pond (TheWrap),85,호흡에 인내가 필요하지만 탐구할 문제가 많은 작품에서 오히려 강점. 영화는 갈수록 힘을 축적한다.,https://www.metacritic.com/movie/possible-love/
평론가,메타크리틱,Phil de Semlyen (Time Out),80,"박찬욱 <어쩔수가없다>, 봉준호 <기생충>과 함께 계급이 점점 넘기 힘들어지는 현대 우화 3부작을 이룬다.",https://www.metacritic.com/movie/possible-love/
평론가,메타크리틱,Marshall Shaffer (Slant Magazine),75,"Lee Chang-dong offers another trenchant look at simmering divisions in South Korean society along the lines of class, gender, and labor.",https://www.metacritic.com/movie/possible-love/
